employee_id,firstname,lastname,hiring_date,salary
0,Dummy,Employee,2000-01-01,0.00
1,David,Adams,2025-03-18,48765.00
2,Sarah,Scott,2021-10-03,33175.00
3,Sophia,Hall,2025-03-03,50456.00
4,David,Martin,2022-12-02,31036.00
5,Amelia,Johnson,2021-05-08,28862.00
6,Nina,Miller,2020-06-05,28081.00
7,John,Miller,2020-01-03,30082.00
8,Mason,Martin,2026-03-04,37455.00
9,Lucas,King,2025-08-30,41085.00
10,Ava,Taylor,2023-05-25,45479.00
11,Isabella,Scott,2024-01-05,28026.00
12,Laura,Thomas,2021-05-16,35648.00
13,Lucas,Clark,2018-09-28,37043.00
14,Noah,Clark,2022-03-29,50499.00
15,Mia,Scott,2023-05-30,34487.00
16,Sarah,Brown,2019-09-02,31750.00
17,Oscar,Walker,2020-12-03,45235.00
18,James,Scott,2023-10-19,38381.00
19,Noah,Wilson,2020-05-25,50551.00
20,Mia,Smith,2018-02-03,47109.00
21,Mia,Thomas,2021-08-12,42444.00
22,Anna,Lee,2023-07-23,31105.00
23,Mason,Johnson,2023-10-06,50884.00
24,Sarah,Young,2023-12-05,29690.00
25,Olivia,King,2018-09-02,43742.00
26,Noah,Garcia,2020-09-23,34754.00
27,Noah,Miller,2024-07-13,31017.00
28,Lucas,Thomas,2018-09-23,42192.00
29,Nina,Lee,2023-05-26,33597.00
30,Olivia,Smith,2025-01-29,43921.00
31,Noah,King,2024-02-25,42945.00
32,Liam,Adams,2019-02-03,50000.00
33,Daniel,Miller,2022-07-19,41868.00
34,Ava,Miller,2021-05-18,42881.00
35,Anna,King,2018-08-05,49354.00
36,Ava,Lee,2018-01-10,46946.00
37,Mason,Thomas,2025-05-13,51641.00
38,Sarah,Martin,2018-10-23,33872.00
39,Mason,Smith,2025-12-04,41246.00
40,Liam,Taylor,2018-05-17,34397.00
41,Sophia,Young,2018-08-11,42147.00
42,John,Smith,2021-10-05,50127.00
43,Ava,Taylor,2021-08-30,37447.00
44,Olivia,Garcia,2019-01-27,33026.00
45,David,Lee,2018-04-22,43741.00
46,Olivia,Miller,2018-05-31,30470.00
47,John,Scott,2020-11-14,46559.00
48,Emma,Davis,2019-08-04,41166.00
49,Isabella,Anderson,2022-10-05,45016.00
50,Ava,Wilson,2019-07-31,32477.00
51,Liam,Johnson,2021-02-12,38469.00
52,Oscar,Wilson,2020-08-08,34035.00
53,Sophia,Johnson,2025-06-16,40204.00
54,Ava,Smith,2022-03-28,31132.00
55,Amelia,Johnson,2025-06-09,30474.00
56,Mason,Martin,2019-04-12,45504.00
57,Mason,Thomas,2021-06-10,46870.00
58,Mason,Thomas,2019-02-18,49028.00
59,Sarah,Taylor,2019-12-15,44941.00
60,Olivia,Anderson,2022-04-01,33187.00
61,Amelia,Martin,2020-09-23,38994.00
62,Mia,Miller,2022-08-14,32136.00
63,Mia,Taylor,2020-06-06,44403.00
64,Mia,Garcia,2022-06-26,47969.00
65,Anna,Smith,2022-12-19,33677.00
66,Oscar,Young,2020-12-16,42091.00
67,Mason,Martin,2022-10-25,33697.00
68,Oscar,Clark,2018-08-12,36110.00
69,James,Hall,2022-11-27,48483.00
70,Lucas,Scott,2020-09-20,46027.00
71,Sarah,Taylor,2025-02-22,48376.00
72,Isabella,Clark,2023-04-17,41263.00
73,John,Taylor,2019-01-13,40571.00
74,Sarah,Miller,2022-07-14,46439.00
75,Lucas,Hall,2018-09-29,40782.00
76,Sarah,Thomas,2019-10-08,48957.00
77,Liam,Adams,2023-09-24,41649.00
78,Mia,Davis,2022-09-02,36735.00
79,Sarah,Thomas,2023-04-21,36166.00
80,Oscar,Clark,2022-07-15,33218.00
81,James,Martin,2021-03-27,40904.00
82,John,Thomas,2022-11-14,39077.00
83,Nina,Scott,2020-05-03,50896.00
84,Anna,Wilson,2025-09-24,48768.00
85,Nina,Miller,2024-06-19,36186.00
86,Mia,Anderson,2019-09-24,51169.00
87,Laura,Scott,2022-05-10,32939.00
88,Olivia,Miller,2021-05-04,43558.00
89,Sophia,Walker,2018-12-02,49130.00
90,Anna,Anderson,2025-10-29,48489.00
91,Isabella,Miller,2024-02-19,36894.00
92,Mia,Lee,2020-05-20,45974.00
93,Daniel,Lee,2021-09-07,36072.00
94,Oscar,Smith,2025-07-02,41531.00
95,David,King,2019-02-19,32820.00
96,Oscar,Hall,2021-04-27,47340.00
97,Isabella,Adams,2025-03-01,47936.00
98,Noah,Lee,2024-02-16,31151.00
99,Isabella,Young,2021-12-22,30729.00
100,David,Young,2019-02-20,49488.00
101,James,Brown,2020-03-16,28957.00
102,Emma,Hall,2020-09-29,34822.00
103,Ava,Lopez,2023-04-26,29931.00
104,Sophia,Smith,2023-04-16,31126.00
105,Nina,Adams,2021-01-26,41880.00
106,Nina,Smith,2023-05-29,46216.00
107,David,Martin,2019-07-28,46803.00
108,Olivia,Wilson,2020-05-01,32013.00
109,David,Anderson,2021-03-15,47403.00
110,James,Lopez,2021-05-04,34027.00
111,Lucas,Wilson,2021-08-17,46944.00
112,Sophia,Lopez,2025-02-05,51020.00
113,Sarah,Lopez,2021-04-29,34721.00
114,Amelia,Davis,2020-02-23,43073.00
115,Oscar,Scott,2019-07-23,48663.00
116,Emma,Anderson,2021-05-16,40956.00
117,Lucas,Young,2024-06-03,49788.00
118,Olivia,Taylor,2018-11-24,49038.00
119,David,Garcia,2022-08-22,46584.00
120,Noah,Adams,2023-02-28,41434.00
121,Emma,Lee,2023-01-24,50345.00
122,Isabella,Anderson,2024-03-05,38768.00
123,Amelia,Davis,2020-06-22,29076.00
124,David,Davis,2019-03-06,33564.00
125,Oscar,Smith,2021-12-04,31722.00
126,Isabella,Scott,2022-07-02,47714.00
127,Oscar,Johnson,2021-01-19,30664.00
128,Isabella,Thomas,2020-03-08,36918.00
129,Mason,Hall,2021-01-18,49819.00
130,Laura,Anderson,2022-09-14,50467.00
131,Nina,Davis,2021-01-25,37222.00
132,Oscar,King,2018-07-06,50654.00
133,Noah,Johnson,2020-12-22,30331.00
134,Laura,Adams,2022-11-14,35094.00
135,Noah,Martin,2018-06-04,45839.00
136,Olivia,Lopez,2019-01-09,28341.00
137,Oscar,Scott,2021-03-04,49722.00
138,Noah,Smith,2025-05-17,29558.00
139,Sophia,Johnson,2021-06-30,32932.00
140,Nina,Lee,2023-12-10,41664.00
141,David,King,2019-05-03,29080.00
142,Amelia,Adams,2018-10-24,29296.00
143,Mia,Wilson,2020-10-06,31997.00
144,Lucas,Young,2020-04-01,38784.00
145,Nina,Martin,2021-05-23,33109.00
146,Mason,Miller,2018-09-03,34471.00
147,Anna,Johnson,2018-11-02,50785.00
148,Oscar,Davis,2023-05-13,43914.00
149,Olivia,Anderson,2024-08-20,45810.00
150,Liam,Brown,2022-04-15,38614.00
